timestamp,symbol,close
2023-06-20,GOOG,123.85
2023-06-21,GOOG,121.26
2023-06-22,GOOG,123.87
2023-06-23,GOOG,123.02
2023-06-26,GOOG,119.09
2023-06-27,GOOG,119.01
2023-06-28,GOOG,121.08
2023-06-29,GOOG,120.01
2023-06-30,GOOG,120.97
2023-07-03,GOOG,120.56
2023-07-05,GOOG,122.63
2023-07-06,GOOG,120.93
2023-07-07,GOOG,120.14
2023-07-10,GOOG,116.87
2023-07-11,GOOG,117.71
2023-07-12,GOOG,119.62
2023-07-13,GOOG,124.83
2023-07-14,GOOG,125.7
2023-07-17,GOOG,125.06
2023-07-18,GOOG,124.08
2023-07-19,GOOG,122.78
2023-07-20,GOOG,119.53
2023-07-21,GOOG,120.31
2023-07-24,GOOG,121.88
2023-07-25,GOOG,122.79
2023-07-26,GOOG,129.66
2023-07-27,GOOG,129.87
2023-07-28,GOOG,133.01
2023-07-31,GOOG,133.11
2023-08-01,GOOG,131.89
2023-08-02,GOOG,128.64
2023-08-03,GOOG,128.77
2023-08-04,GOOG,128.54
2023-08-07,GOOG,131.94
2023-08-08,GOOG,131.84
2023-08-09,GOOG,130.15
2023-08-10,GOOG,130.21
2023-08-11,GOOG,130.17
2023-08-14,GOOG,131.83
2023-08-15,GOOG,130.27
2023-08-16,GOOG,129.11
2023-08-17,GOOG,130.46
2023-08-18,GOOG,128.11
2023-08-21,GOOG,128.93
2023-08-22,GOOG,129.69
2023-08-23,GOOG,133.21
2023-08-24,GOOG,130.42
2023-08-25,GOOG,130.69
2023-08-28,GOOG,131.79
2023-08-29,GOOG,135.49
2023-08-30,GOOG,136.93
2023-08-31,GOOG,137.35
2023-09-01,GOOG,136.8
2023-09-05,GOOG,136.71
2023-09-06,GOOG,135.37
2023-09-07,GOOG,136.2
2023-09-08,GOOG,137.2
2023-09-11,GOOG,137.74
2023-09-12,GOOG,136.07
2023-09-13,GOOG,137.5
2023-09-14,GOOG,138.99
2023-09-15,GOOG,138.3
2023-09-18,GOOG,138.96
2023-09-19,GOOG,138.83
2023-09-20,GOOG,134.59
2023-09-21,GOOG,131.36
2023-09-22,GOOG,131.25
2023-09-25,GOOG,132.17
2023-09-26,GOOG,129.45
2023-09-27,GOOG,131.46
2023-09-28,GOOG,133.13
2023-09-29,GOOG,131.85
2023-10-02,GOOG,135.17
2023-10-03,GOOG,133.3
2023-10-04,GOOG,136.27
2023-10-05,GOOG,135.99
2023-10-06,GOOG,138.73
2023-10-09,GOOG,139.5
2023-10-10,GOOG,139.2
2023-10-11,GOOG,141.7
2023-10-12,GOOG,140.29
2023-10-13,GOOG,138.58
2023-10-16,GOOG,140.49
2023-10-17,GOOG,140.99
2023-10-18,GOOG,139.28
2023-10-19,GOOG,138.98
2023-10-20,GOOG,136.74
2023-10-23,GOOG,137.9
2023-10-24,GOOG,140.12
2023-10-25,GOOG,126.67
2023-10-26,GOOG,123.44
2023-10-27,GOOG,123.4
2023-10-30,GOOG,125.75
2023-10-31,GOOG,125.3
2023-11-01,GOOG,127.57
2023-11-02,GOOG,128.58
2023-11-03,GOOG,130.37
2023-11-06,GOOG,131.45
2023-11-07,GOOG,132.4
2023-11-08,GOOG,133.26
2023-11-09,GOOG,131.69
2023-11-10,GOOG,134.06
2023-11-13,GOOG,133.64
2023-11-14,GOOG,135.43
2023-11-15,GOOG,136.38
2023-11-16,GOOG,138.7
2023-11-17,GOOG,136.94
2023-11-20,GOOG,137.92
2023-11-21,GOOG,138.62
2023-11-22,GOOG,140.02
2023-11-24,GOOG,138.22
2023-11-27,GOOG,138.05
2023-11-28,GOOG,138.62
2023-11-29,GOOG,136.4
2023-11-30,GOOG,133.92
2023-12-01,GOOG,133.32
2023-12-04,GOOG,130.63
2023-12-05,GOOG,132.39
2023-12-06,GOOG,131.43
2023-12-07,GOOG,138.45
2023-12-08,GOOG,136.64
2023-12-11,GOOG,134.7
2023-12-12,GOOG,133.64
2023-12-13,GOOG,133.97
2023-12-14,GOOG,133.2
2023-12-15,GOOG,133.84
2023-12-18,GOOG,137.19
2023-12-19,GOOG,138.1
2023-12-20,GOOG,139.66
2023-12-21,GOOG,141.8
2023-12-22,GOOG,142.72
2023-12-26,GOOG,142.82
2023-12-27,GOOG,141.44
2023-12-28,GOOG,141.28
2023-12-29,GOOG,140.93
2024-01-02,GOOG,139.56
2024-01-03,GOOG,140.36
2024-01-04,GOOG,138.04
2024-01-05,GOOG,137.39
2024-01-08,GOOG,140.53
2024-01-09,GOOG,142.56
2024-01-10,GOOG,143.8
2024-01-11,GOOG,143.67
2024-01-12,GOOG,144.24
2024-01-16,GOOG,144.08
2024-01-17,GOOG,142.89
2024-01-18,GOOG,144.99
2024-01-19,GOOG,147.97
2024-01-22,GOOG,147.71
2024-01-23,GOOG,148.68
2024-01-24,GOOG,150.35
2024-01-25,GOOG,153.64
2024-01-26,GOOG,153.79
2024-01-29,GOOG,154.84
2024-01-30,GOOG,153.05
2024-01-31,GOOG,141.8
2024-02-01,GOOG,142.71
2024-02-02,GOOG,143.54
2024-02-05,GOOG,144.93
2024-02-06,GOOG,145.41
2024-02-07,GOOG,146.68
2024-02-08,GOOG,147.22
2024-02-09,GOOG,150.22
2024-02-12,GOOG,148.73
2024-02-13,GOOG,146.37
2024-02-14,GOOG,147.14
2024-02-15,GOOG,143.94
2024-02-16,GOOG,141.76
2024-02-20,GOOG,142.2
2024-02-21,GOOG,143.84
2024-02-22,GOOG,145.32
2024-02-23,GOOG,145.29
2024-02-26,GOOG,138.75
2024-02-27,GOOG,140.1
2024-02-28,GOOG,137.43
2024-02-29,GOOG,139.78
2024-03-01,GOOG,138.08
2024-03-04,GOOG,134.2
2024-03-05,GOOG,133.78
2024-03-06,GOOG,132.56
2024-03-07,GOOG,135.24
2024-03-08,GOOG,136.29
2024-03-11,GOOG,138.94
2024-03-12,GOOG,139.62
2024-03-13,GOOG,140.77
2024-03-14,GOOG,144.34
2024-03-15,GOOG,142.17
2024-03-18,GOOG,148.48
2024-03-19,GOOG,147.92
2024-03-20,GOOG,149.68
2024-03-21,GOOG,148.74
2024-03-22,GOOG,151.77
2024-03-25,GOOG,151.15
2024-03-26,GOOG,151.7
2024-03-27,GOOG,151.94
2024-03-28,GOOG,152.26
2024-04-01,GOOG,156.5
2024-04-02,GOOG,155.87
2024-04-03,GOOG,156.37
2024-04-04,GOOG,151.94
2024-04-05,GOOG,153.94
2024-04-08,GOOG,156.14
2024-04-09,GOOG,158.14
2024-04-10,GOOG,157.66
2024-04-11,GOOG,160.79
2024-04-12,GOOG,159.19
2024-04-15,GOOG,156.33
2024-04-16,GOOG,156.0
2024-04-17,GOOG,156.88
2024-04-18,GOOG,157.46
2024-04-19,GOOG,155.72
2024-04-22,GOOG,157.95
2024-04-23,GOOG,159.92
2024-04-24,GOOG,161.1
2024-04-25,GOOG,157.95
2024-04-26,GOOG,173.69
2024-04-29,GOOG,167.9
2024-04-30,GOOG,164.64
2024-05-01,GOOG,165.57
2024-05-02,GOOG,168.46
2024-05-03,GOOG,168.99
2024-05-06,GOOG,169.83
2024-05-07,GOOG,172.98
2024-05-08,GOOG,171.16
2024-05-09,GOOG,171.58
2024-05-10,GOOG,170.29
2024-05-13,GOOG,170.9
2024-05-14,GOOG,171.93
2024-05-15,GOOG,173.88
2024-05-16,GOOG,175.43
2024-05-17,GOOG,177.29
2024-05-20,GOOG,178.46
2024-05-21,GOOG,179.54
2024-05-22,GOOG,178.0
2024-05-23,GOOG,175.06
2024-05-24,GOOG,176.33
2024-05-28,GOOG,178.02
2024-05-29,GOOG,177.4
2024-05-30,GOOG,173.56
2024-05-31,GOOG,173.96
2024-06-03,GOOG,174.42
2024-06-04,GOOG,175.13
2024-06-05,GOOG,177.07
2024-06-06,GOOG,178.35
2024-06-07,GOOG,175.95
2024-06-10,GOOG,176.63
2024-06-11,GOOG,178.19
2024-06-12,GOOG,179.56
2024-06-13,GOOG,176.74
2024-06-14,GOOG,178.37
2024-06-17,GOOG,178.78
2024-06-18,GOOG,176.45
2023-06-20,INTC,35.0
2023-06-21,INTC,32.9
2023-06-22,INTC,32.71
2023-06-23,INTC,33.0
2023-06-26,INTC,33.34
2023-06-27,INTC,34.1
2023-06-28,INTC,33.57
2023-06-29,INTC,32.91
2023-06-30,INTC,33.44
2023-07-03,INTC,33.62
2023-07-05,INTC,32.51
2023-07-06,INTC,31.97
2023-07-07,INTC,31.85
2023-07-10,INTC,32.74
2023-07-11,INTC,33.3
2023-07-12,INTC,33.98
2023-07-13,INTC,33.87
2023-07-14,INTC,33.15
2023-07-17,INTC,34.37
2023-07-18,INTC,34.5
2023-07-19,INTC,34.46
2023-07-20,INTC,33.37
2023-07-21,INTC,34.02
2023-07-24,INTC,33.63
2023-07-25,INTC,34.1
2023-07-26,INTC,34.36
2023-07-27,INTC,34.55
2023-07-28,INTC,36.83
2023-07-31,INTC,35.77
2023-08-01,INTC,35.8
2023-08-02,INTC,34.39
2023-08-03,INTC,34.87
2023-08-04,INTC,35.14
2023-08-07,INTC,35.23
2023-08-08,INTC,35.02
2023-08-09,INTC,34.28
2023-08-10,INTC,34.68
2023-08-11,INTC,34.89
2023-08-14,INTC,35.68
2023-08-15,INTC,34.77
2023-08-16,INTC,33.53
2023-08-17,INTC,32.58
2023-08-18,INTC,32.75
2023-08-21,INTC,33.14
2023-08-22,INTC,32.89
2023-08-23,INTC,33.98
2023-08-24,INTC,32.59
2023-08-25,INTC,33.25
2023-08-28,INTC,33.62
2023-08-29,INTC,34.31
2023-08-30,INTC,34.53
2023-08-31,INTC,35.14
2023-09-01,INTC,36.61
2023-09-05,INTC,36.71
2023-09-06,INTC,36.98
2023-09-07,INTC,38.18
2023-09-08,INTC,38.01
2023-09-11,INTC,38.59
2023-09-12,INTC,38.86
2023-09-13,INTC,38.71
2023-09-14,INTC,38.67
2023-09-15,INTC,37.88
2023-09-18,INTC,37.99
2023-09-19,INTC,36.34
2023-09-20,INTC,34.69
2023-09-21,INTC,34.65
2023-09-22,INTC,34.18
2023-09-25,INTC,34.29
2023-09-26,INTC,33.83
2023-09-27,INTC,34.61
2023-09-28,INTC,35.18
2023-09-29,INTC,35.55
2023-10-02,INTC,35.46
2023-10-03,INTC,35.69
2023-10-04,INTC,35.93
2023-10-05,INTC,35.89
2023-10-06,INTC,36.19
2023-10-09,INTC,36.06
2023-10-10,INTC,36.43
2023-10-11,INTC,36.88
2023-10-12,INTC,36.84
2023-10-13,INTC,35.97
2023-10-16,INTC,36.56
2023-10-17,INTC,36.06
2023-10-18,INTC,35.64
2023-10-19,INTC,35.67
2023-10-20,INTC,34.92
2023-10-23,INTC,33.85
2023-10-24,INTC,34.59
2023-10-25,INTC,32.83
2023-10-26,INTC,32.52
2023-10-27,INTC,35.54
2023-10-30,INTC,35.69
2023-10-31,INTC,36.5
2023-11-01,INTC,37.29
2023-11-02,INTC,37.7
2023-11-03,INTC,38.14
2023-11-06,INTC,37.95
2023-11-07,INTC,38.77
2023-11-08,INTC,37.92
2023-11-09,INTC,37.8
2023-11-10,INTC,38.86
2023-11-13,INTC,38.23
2023-11-14,INTC,39.41
2023-11-15,INTC,40.61
2023-11-16,INTC,43.35
2023-11-17,INTC,43.81
2023-11-20,INTC,44.74
2023-11-21,INTC,43.64
2023-11-22,INTC,43.67
2023-11-24,INTC,43.96
2023-11-27,INTC,44.08
2023-11-28,INTC,44.23
2023-11-29,INTC,44.94
2023-11-30,INTC,44.7
2023-12-01,INTC,43.74
2023-12-04,INTC,42.35
2023-12-05,INTC,41.92
2023-12-06,INTC,41.27
2023-12-07,INTC,42.15
2023-12-08,INTC,42.7
2023-12-11,INTC,44.54
2023-12-12,INTC,44.04
2023-12-13,INTC,44.57
2023-12-14,INTC,45.18
2023-12-15,INTC,46.16
2023-12-18,INTC,45.69
2023-12-19,INTC,46.66
2023-12-20,INTC,45.76
2023-12-21,INTC,47.08
2023-12-22,INTC,48.0
2023-12-26,INTC,50.5
2023-12-27,INTC,50.76
2023-12-28,INTC,50.39
2023-12-29,INTC,50.25
2024-01-02,INTC,47.8
2024-01-03,INTC,47.05
2024-01-04,INTC,46.87
2024-01-05,INTC,46.89
2024-01-08,INTC,48.45
2024-01-09,INTC,48.05
2024-01-10,INTC,47.47
2024-01-11,INTC,47.64
2024-01-12,INTC,47.12
2024-01-16,INTC,47.06
2024-01-17,INTC,46.06
2024-01-18,INTC,46.74
2024-01-19,INTC,48.15
2024-01-22,INTC,48.22
2024-01-23,INTC,48.89
2024-01-24,INTC,49.09
2024-01-25,INTC,49.55
2024-01-26,INTC,43.65
2024-01-29,INTC,43.84
2024-01-30,INTC,42.92
2024-01-31,INTC,43.08
2024-02-01,INTC,43.36
2024-02-02,INTC,42.6
2024-02-05,INTC,42.77
2024-02-06,INTC,42.74
2024-02-07,INTC,42.78
2024-02-08,INTC,42.5
2024-02-09,INTC,43.31
2024-02-12,INTC,44.03
2024-02-13,INTC,43.16
2024-02-14,INTC,44.19
2024-02-15,INTC,44.05
2024-02-16,INTC,43.51
2024-02-20,INTC,44.52
2024-02-21,INTC,43.47
2024-02-22,INTC,42.98
2024-02-23,INTC,42.99
2024-02-26,INTC,42.99
2024-02-27,INTC,42.73
2024-02-28,INTC,41.99
2024-02-29,INTC,43.05
2024-03-01,INTC,43.82
2024-03-04,INTC,45.61
2024-03-05,INTC,43.16
2024-03-06,INTC,44.51
2024-03-07,INTC,46.15
2024-03-08,INTC,44.0
2024-03-11,INTC,44.86
2024-03-12,INTC,45.24
2024-03-13,INTC,43.23
2024-03-14,INTC,42.75
2024-03-15,INTC,42.64
2024-03-18,INTC,42.71
2024-03-19,INTC,42.05
2024-03-20,INTC,42.2
2024-03-21,INTC,42.42
2024-03-22,INTC,42.57
2024-03-25,INTC,41.83
2024-03-26,INTC,41.99
2024-03-27,INTC,43.77
2024-03-28,INTC,44.17
2024-04-01,INTC,44.52
2024-04-02,INTC,43.94
2024-04-03,INTC,40.33
2024-04-04,INTC,39.73
2024-04-05,INTC,38.71
2024-04-08,INTC,37.98
2024-04-09,INTC,38.33
2024-04-10,INTC,37.2
2024-04-11,INTC,37.63
2024-04-12,INTC,35.69
2024-04-15,INTC,36.31
2024-04-16,INTC,36.26
2024-04-17,INTC,35.68
2024-04-18,INTC,35.04
2024-04-19,INTC,34.2
2024-04-22,INTC,34.41
2024-04-23,INTC,34.28
2024-04-24,INTC,34.5
2024-04-25,INTC,35.11
2024-04-26,INTC,31.88
2024-04-29,INTC,31.36
2024-04-30,INTC,30.47
2024-05-01,INTC,30.37
2024-05-02,INTC,30.51
2024-05-03,INTC,30.9
2024-05-06,INTC,30.97
2024-05-07,INTC,30.68
2024-05-08,INTC,30.0
2024-05-09,INTC,30.09
2024-05-10,INTC,29.85
2024-05-13,INTC,30.51
2024-05-14,INTC,31.05
2024-05-15,INTC,31.27
2024-05-16,INTC,32.03
2024-05-17,INTC,31.83
2024-05-20,INTC,32.1
2024-05-21,INTC,31.74
2024-05-22,INTC,31.42
2024-05-23,INTC,30.08
2024-05-24,INTC,30.72
2024-05-28,INTC,31.06
2024-05-29,INTC,30.13
2024-05-30,INTC,30.19
2024-05-31,INTC,30.85
2024-06-03,INTC,30.29
2024-06-04,INTC,30.03
2024-06-05,INTC,30.78
2024-06-06,INTC,30.42
2024-06-07,INTC,30.74
2024-06-10,INTC,30.91
2024-06-11,INTC,30.92
2024-06-12,INTC,30.76
2024-06-13,INTC,30.46
2024-06-14,INTC,30.45
2024-06-17,INTC,30.98
2024-06-18,INTC,30.63
2023-06-20,KO,61.26
2023-06-21,KO,61.43
2023-06-22,KO,61.85
2023-06-23,KO,61.2
2023-06-26,KO,61.22
2023-06-27,KO,61.09
2023-06-28,KO,60.52
2023-06-29,KO,60.02
2023-06-30,KO,60.22
2023-07-03,KO,60.58
2023-07-05,KO,61.03
2023-07-06,KO,60.56
2023-07-07,KO,59.76
2023-07-10,KO,59.31
2023-07-11,KO,59.52
2023-07-12,KO,59.84
2023-07-13,KO,60.35
2023-07-14,KO,60.9
2023-07-17,KO,60.81
2023-07-18,KO,60.57
2023-07-19,KO,61.64
2023-07-20,KO,62.39
2023-07-21,KO,62.44
2023-07-24,KO,62.46
2023-07-25,KO,62.25
2023-07-26,KO,63.05
2023-07-27,KO,62.44
2023-07-28,KO,62.48
2023-07-31,KO,61.93
2023-08-01,KO,61.77
2023-08-02,KO,61.96
2023-08-03,KO,61.64
2023-08-04,KO,60.71
2023-08-07,KO,61.19
2023-08-08,KO,60.92
2023-08-09,KO,61.06
2023-08-10,KO,60.92
2023-08-11,KO,61.17
2023-08-14,KO,60.88
2023-08-15,KO,60.47
2023-08-16,KO,60.48
2023-08-17,KO,60.61
2023-08-18,KO,60.95
2023-08-21,KO,60.43
2023-08-22,KO,60.06
2023-08-23,KO,60.27
2023-08-24,KO,60.11
2023-08-25,KO,60.39
2023-08-28,KO,60.56
2023-08-29,KO,60.5
2023-08-30,KO,60.47
2023-08-31,KO,59.83
2023-09-01,KO,59.31
2023-09-05,KO,58.82
2023-09-06,KO,58.78
2023-09-07,KO,58.33
2023-09-08,KO,58.33
2023-09-11,KO,58.88
2023-09-12,KO,58.3
2023-09-13,KO,58.44
2023-09-14,KO,58.46
2023-09-15,KO,57.94
2023-09-18,KO,58.3
2023-09-19,KO,58.18
2023-09-20,KO,58.44
2023-09-21,KO,57.54
2023-09-22,KO,57.6
2023-09-25,KO,57.0
2023-09-26,KO,56.53
2023-09-27,KO,55.95
2023-09-28,KO,55.81
2023-09-29,KO,55.98
2023-10-02,KO,55.48
2023-10-03,KO,54.88
2023-10-04,KO,55.04
2023-10-05,KO,52.38
2023-10-06,KO,53.14
2023-10-09,KO,52.88
2023-10-10,KO,54.03
2023-10-11,KO,53.71
2023-10-12,KO,52.81
2023-10-13,KO,52.89
2023-10-16,KO,53.43
2023-10-17,KO,54.07
2023-10-18,KO,54.05
2023-10-19,KO,54.35
2023-10-20,KO,54.57
2023-10-23,KO,54.08
2023-10-24,KO,55.64
2023-10-25,KO,56.12
2023-10-26,KO,55.78
2023-10-27,KO,55.24
2023-10-30,KO,56.15
2023-10-31,KO,56.49
2023-11-01,KO,56.44
2023-11-02,KO,57.09
2023-11-03,KO,56.74
2023-11-06,KO,56.97
2023-11-07,KO,57.18
2023-11-08,KO,57.09
2023-11-09,KO,56.66
2023-11-10,KO,56.72
2023-11-13,KO,56.93
2023-11-14,KO,57.1
2023-11-15,KO,57.21
2023-11-16,KO,57.15
2023-11-17,KO,57.26
2023-11-20,KO,57.4
2023-11-21,KO,58.03
2023-11-22,KO,58.42
2023-11-24,KO,58.57
2023-11-27,KO,58.46
2023-11-28,KO,58.58
2023-11-29,KO,58.23
2023-11-30,KO,58.44
2023-12-01,KO,58.64
2023-12-04,KO,58.57
2023-12-05,KO,58.66
2023-12-06,KO,58.6
2023-12-07,KO,58.74
2023-12-08,KO,58.61
2023-12-11,KO,59.04
2023-12-12,KO,59.42
2023-12-13,KO,59.93
2023-12-14,KO,59.04
2023-12-15,KO,58.6
2023-12-18,KO,59.02
2023-12-19,KO,58.83
2023-12-20,KO,57.61
2023-12-21,KO,57.99
2023-12-22,KO,58.32
2023-12-26,KO,58.56
2023-12-27,KO,58.71
2023-12-28,KO,58.75
2023-12-29,KO,58.93
2024-01-02,KO,59.82
2024-01-03,KO,59.96
2024-01-04,KO,59.76
2024-01-05,KO,59.67
2024-01-08,KO,60.11
2024-01-09,KO,60.0
2024-01-10,KO,60.2
2024-01-11,KO,59.81
2024-01-12,KO,60.39
2024-01-16,KO,59.99
2024-01-17,KO,59.99
2024-01-18,KO,60.16
2024-01-19,KO,59.83
2024-01-22,KO,59.57
2024-01-23,KO,59.85
2024-01-24,KO,58.91
2024-01-25,KO,59.16
2024-01-26,KO,59.37
2024-01-29,KO,59.73
2024-01-30,KO,59.9
2024-01-31,KO,59.49
2024-02-01,KO,60.98
2024-02-02,KO,60.54
2024-02-05,KO,60.04
2024-02-06,KO,59.94
2024-02-07,KO,59.99
2024-02-08,KO,59.83
2024-02-09,KO,59.56
2024-02-12,KO,59.7
2024-02-13,KO,59.35
2024-02-14,KO,59.29
2024-02-15,KO,59.4
2024-02-16,KO,59.39
2024-02-20,KO,60.7
2024-02-21,KO,61.24
2024-02-22,KO,61.15
2024-02-23,KO,61.2
2024-02-26,KO,60.71
2024-02-27,KO,60.34
2024-02-28,KO,60.4
2024-02-29,KO,60.02
2024-03-01,KO,59.53
2024-03-04,KO,59.81
2024-03-05,KO,59.52
2024-03-06,KO,59.55
2024-03-07,KO,59.44
2024-03-08,KO,59.52
2024-03-11,KO,60.24
2024-03-12,KO,60.5
2024-03-13,KO,61.12
2024-03-14,KO,60.5
2024-03-15,KO,59.88
2024-03-18,KO,60.13
2024-03-19,KO,60.23
2024-03-20,KO,60.75
2024-03-21,KO,60.47
2024-03-22,KO,60.49
2024-03-25,KO,60.4
2024-03-26,KO,60.54
2024-03-27,KO,61.03
2024-03-28,KO,61.18
2024-04-01,KO,60.68
2024-04-02,KO,60.15
2024-04-03,KO,59.83
2024-04-04,KO,59.3
2024-04-05,KO,59.51
2024-04-08,KO,59.27
2024-04-09,KO,59.72
2024-04-10,KO,58.92
2024-04-11,KO,59.05
2024-04-12,KO,58.28
2024-04-15,KO,58.14
2024-04-16,KO,58.06
2024-04-17,KO,58.51
2024-04-18,KO,58.91
2024-04-19,KO,60.17
2024-04-22,KO,60.55
2024-04-23,KO,60.64
2024-04-24,KO,61.55
2024-04-25,KO,61.74
2024-04-26,KO,61.74
2024-04-29,KO,62.04
2024-04-30,KO,61.77
2024-05-01,KO,61.93
2024-05-02,KO,61.99
2024-05-03,KO,62.17
2024-05-06,KO,62.35
2024-05-07,KO,62.62
2024-05-08,KO,62.85
2024-05-09,KO,62.88
2024-05-10,KO,63.26
2024-05-13,KO,63.58
2024-05-14,KO,63.1
2024-05-15,KO,63.13
2024-05-16,KO,63.32
2024-05-17,KO,63.03
2024-05-20,KO,62.57
2024-05-21,KO,62.91
2024-05-22,KO,63.0
2024-05-23,KO,62.09
2024-05-24,KO,62.0
2024-05-28,KO,61.82
2024-05-29,KO,61.7
2024-05-30,KO,61.97
2024-05-31,KO,62.93
2024-06-03,KO,62.93
2024-06-04,KO,63.94
2024-06-05,KO,63.92
2024-06-06,KO,64.15
2024-06-07,KO,63.91
2024-06-10,KO,63.59
2024-06-11,KO,63.55
2024-06-12,KO,62.88
2024-06-13,KO,62.99
2024-06-14,KO,62.55
2024-06-17,KO,62.62
2024-06-18,KO,62.63
2023-06-20,AAPL,185.01
2023-06-21,AAPL,183.96
2023-06-22,AAPL,187.0
2023-06-23,AAPL,186.68
2023-06-26,AAPL,185.27
2023-06-27,AAPL,188.06
2023-06-28,AAPL,189.25
2023-06-29,AAPL,189.59
2023-06-30,AAPL,193.97
2023-07-03,AAPL,192.46
2023-07-05,AAPL,191.33
2023-07-06,AAPL,191.81
2023-07-07,AAPL,190.68
2023-07-10,AAPL,188.61
2023-07-11,AAPL,188.08
2023-07-12,AAPL,189.77
2023-07-13,AAPL,190.54
2023-07-14,AAPL,190.69
2023-07-17,AAPL,193.99
2023-07-18,AAPL,193.73
2023-07-19,AAPL,195.1
2023-07-20,AAPL,193.13
2023-07-21,AAPL,191.94
2023-07-24,AAPL,192.75
2023-07-25,AAPL,193.62
2023-07-26,AAPL,194.5
2023-07-27,AAPL,193.22
2023-07-28,AAPL,195.83
2023-07-31,AAPL,196.45
2023-08-01,AAPL,195.605
2023-08-02,AAPL,192.58
2023-08-03,AAPL,191.17
2023-08-04,AAPL,181.99
2023-08-07,AAPL,178.85
2023-08-08,AAPL,179.8
2023-08-09,AAPL,178.19
2023-08-10,AAPL,177.97
2023-08-11,AAPL,177.79
2023-08-14,AAPL,179.46
2023-08-15,AAPL,177.45
2023-08-16,AAPL,176.57
2023-08-17,AAPL,174.0
2023-08-18,AAPL,174.49
2023-08-21,AAPL,175.84
2023-08-22,AAPL,177.23
2023-08-23,AAPL,181.12
2023-08-24,AAPL,176.38
2023-08-25,AAPL,178.61
2023-08-28,AAPL,180.19
2023-08-29,AAPL,184.12
2023-08-30,AAPL,187.65
2023-08-31,AAPL,187.87
2023-09-01,AAPL,189.46
2023-09-05,AAPL,189.7
2023-09-06,AAPL,182.91
2023-09-07,AAPL,177.56
2023-09-08,AAPL,178.18
2023-09-11,AAPL,179.36
2023-09-12,AAPL,176.3
2023-09-13,AAPL,174.21
2023-09-14,AAPL,175.74
2023-09-15,AAPL,175.01
2023-09-18,AAPL,177.97
2023-09-19,AAPL,179.07
2023-09-20,AAPL,175.49
2023-09-21,AAPL,173.93
2023-09-22,AAPL,174.79
2023-09-25,AAPL,176.08
2023-09-26,AAPL,171.96
2023-09-27,AAPL,170.43
2023-09-28,AAPL,170.69
2023-09-29,AAPL,171.21
2023-10-02,AAPL,173.75
2023-10-03,AAPL,172.4
2023-10-04,AAPL,173.66
2023-10-05,AAPL,174.91
2023-10-06,AAPL,177.49
2023-10-09,AAPL,178.99
2023-10-10,AAPL,178.39
2023-10-11,AAPL,179.8
2023-10-12,AAPL,180.71
2023-10-13,AAPL,178.85
2023-10-16,AAPL,178.72
2023-10-17,AAPL,177.15
2023-10-18,AAPL,175.84
2023-10-19,AAPL,175.46
2023-10-20,AAPL,172.88
2023-10-23,AAPL,173.0
2023-10-24,AAPL,173.44
2023-10-25,AAPL,171.1
2023-10-26,AAPL,166.89
2023-10-27,AAPL,168.22
2023-10-30,AAPL,170.29
2023-10-31,AAPL,170.77
2023-11-01,AAPL,173.97
2023-11-02,AAPL,177.57
2023-11-03,AAPL,176.65
2023-11-06,AAPL,179.23
2023-11-07,AAPL,181.82
2023-11-08,AAPL,182.89
2023-11-09,AAPL,182.41
2023-11-10,AAPL,186.4
2023-11-13,AAPL,184.8
2023-11-14,AAPL,187.44
2023-11-15,AAPL,188.01
2023-11-16,AAPL,189.71
2023-11-17,AAPL,189.69
2023-11-20,AAPL,191.45
2023-11-21,AAPL,190.64
2023-11-22,AAPL,191.31
2023-11-24,AAPL,189.97
2023-11-27,AAPL,189.79
2023-11-28,AAPL,190.4
2023-11-29,AAPL,189.37
2023-11-30,AAPL,189.95
2023-12-01,AAPL,191.24
2023-12-04,AAPL,189.43
2023-12-05,AAPL,193.42
2023-12-06,AAPL,192.32
2023-12-07,AAPL,194.27
2023-12-08,AAPL,195.71
2023-12-11,AAPL,193.18
2023-12-12,AAPL,194.71
2023-12-13,AAPL,197.96
2023-12-14,AAPL,198.11
2023-12-15,AAPL,197.57
2023-12-18,AAPL,195.89
2023-12-19,AAPL,196.94
2023-12-20,AAPL,194.83
2023-12-21,AAPL,194.68
2023-12-22,AAPL,193.6
2023-12-26,AAPL,193.05
2023-12-27,AAPL,193.15
2023-12-28,AAPL,193.58
2023-12-29,AAPL,192.53
2024-01-02,AAPL,185.64
2024-01-03,AAPL,184.25
2024-01-04,AAPL,181.91
2024-01-05,AAPL,181.18
2024-01-08,AAPL,185.56
2024-01-09,AAPL,185.14
2024-01-10,AAPL,186.19
2024-01-11,AAPL,185.59
2024-01-12,AAPL,185.92
2024-01-16,AAPL,183.63
2024-01-17,AAPL,182.68
2024-01-18,AAPL,188.63
2024-01-19,AAPL,191.56
2024-01-22,AAPL,193.89
2024-01-23,AAPL,195.18
2024-01-24,AAPL,194.5
2024-01-25,AAPL,194.17
2024-01-26,AAPL,192.42
2024-01-29,AAPL,191.73
2024-01-30,AAPL,188.04
2024-01-31,AAPL,184.4
2024-02-01,AAPL,186.86
2024-02-02,AAPL,185.85
2024-02-05,AAPL,187.68
2024-02-06,AAPL,189.3
2024-02-07,AAPL,189.41
2024-02-08,AAPL,188.32
2024-02-09,AAPL,188.85
2024-02-12,AAPL,187.15
2024-02-13,AAPL,185.04
2024-02-14,AAPL,184.15
2024-02-15,AAPL,183.86
2024-02-16,AAPL,182.31
2024-02-20,AAPL,181.56
2024-02-21,AAPL,182.32
2024-02-22,AAPL,184.37
2024-02-23,AAPL,182.52
2024-02-26,AAPL,181.16
2024-02-27,AAPL,182.63
2024-02-28,AAPL,181.42
2024-02-29,AAPL,180.75
2024-03-01,AAPL,179.66
2024-03-04,AAPL,175.1
2024-03-05,AAPL,170.12
2024-03-06,AAPL,169.12
2024-03-07,AAPL,169.0
2024-03-08,AAPL,170.73
2024-03-11,AAPL,172.75
2024-03-12,AAPL,173.23
2024-03-13,AAPL,171.13
2024-03-14,AAPL,173.0
2024-03-15,AAPL,172.62
2024-03-18,AAPL,173.72
2024-03-19,AAPL,176.08
2024-03-20,AAPL,178.67
2024-03-21,AAPL,171.37
2024-03-22,AAPL,172.28
2024-03-25,AAPL,170.85
2024-03-26,AAPL,169.71
2024-03-27,AAPL,173.31
2024-03-28,AAPL,171.48
2024-04-01,AAPL,170.03
2024-04-02,AAPL,168.84
2024-04-03,AAPL,169.65
2024-04-04,AAPL,168.82
2024-04-05,AAPL,169.58
2024-04-08,AAPL,168.45
2024-04-09,AAPL,169.67
2024-04-10,AAPL,167.78
2024-04-11,AAPL,175.04
2024-04-12,AAPL,176.55
2024-04-15,AAPL,172.69
2024-04-16,AAPL,169.38
2024-04-17,AAPL,168.0
2024-04-18,AAPL,167.04
2024-04-19,AAPL,165.0
2024-04-22,AAPL,165.84
2024-04-23,AAPL,166.9
2024-04-24,AAPL,169.02
2024-04-25,AAPL,169.89
2024-04-26,AAPL,169.3
2024-04-29,AAPL,173.5
2024-04-30,AAPL,170.33
2024-05-01,AAPL,169.3
2024-05-02,AAPL,173.03
2024-05-03,AAPL,183.38
2024-05-06,AAPL,181.71
2024-05-07,AAPL,182.4
2024-05-08,AAPL,182.74
2024-05-09,AAPL,184.57
2024-05-10,AAPL,183.05
2024-05-13,AAPL,186.28
2024-05-14,AAPL,187.43
2024-05-15,AAPL,189.72
2024-05-16,AAPL,189.84
2024-05-17,AAPL,189.87
2024-05-20,AAPL,191.04
2024-05-21,AAPL,192.35
2024-05-22,AAPL,190.9
2024-05-23,AAPL,186.88
2024-05-24,AAPL,189.98
2024-05-28,AAPL,189.99
2024-05-29,AAPL,190.29
2024-05-30,AAPL,191.29
2024-05-31,AAPL,192.25
2024-06-03,AAPL,194.03
2024-06-04,AAPL,194.35
2024-06-05,AAPL,195.87
2024-06-06,AAPL,194.48
2024-06-07,AAPL,196.89
2024-06-10,AAPL,193.12
2024-06-11,AAPL,207.15
2024-06-12,AAPL,213.07
2024-06-13,AAPL,214.24
2024-06-14,AAPL,212.49
2024-06-17,AAPL,216.67
2024-06-18,AAPL,214.29
2023-06-20,MSFT,338.05
2023-06-21,MSFT,333.56
2023-06-22,MSFT,339.71
2023-06-23,MSFT,335.02
2023-06-26,MSFT,328.6
2023-06-27,MSFT,334.57
2023-06-28,MSFT,335.85
2023-06-29,MSFT,335.05
2023-06-30,MSFT,340.54
2023-07-03,MSFT,337.99
2023-07-05,MSFT,338.15
2023-07-06,MSFT,341.27
2023-07-07,MSFT,337.22
2023-07-10,MSFT,331.83
2023-07-11,MSFT,332.47
2023-07-12,MSFT,337.2
2023-07-13,MSFT,342.66
2023-07-14,MSFT,345.24
2023-07-17,MSFT,345.73
2023-07-18,MSFT,359.49
2023-07-19,MSFT,355.08
2023-07-20,MSFT,346.87
2023-07-21,MSFT,343.77
2023-07-24,MSFT,345.11
2023-07-25,MSFT,350.98
2023-07-26,MSFT,337.77
2023-07-27,MSFT,330.72
2023-07-28,MSFT,338.37
2023-07-31,MSFT,335.92
2023-08-01,MSFT,336.34
2023-08-02,MSFT,327.5
2023-08-03,MSFT,326.66
2023-08-04,MSFT,327.78
2023-08-07,MSFT,330.11
2023-08-08,MSFT,326.05
2023-08-09,MSFT,322.23
2023-08-10,MSFT,322.93
2023-08-11,MSFT,321.01
2023-08-14,MSFT,324.04
2023-08-15,MSFT,321.86
2023-08-16,MSFT,320.4
2023-08-17,MSFT,316.88
2023-08-18,MSFT,316.48
2023-08-21,MSFT,321.88
2023-08-22,MSFT,322.46
2023-08-23,MSFT,327.0
2023-08-24,MSFT,319.97
2023-08-25,MSFT,322.98
2023-08-28,MSFT,323.7
2023-08-29,MSFT,328.41
2023-08-30,MSFT,328.79
2023-08-31,MSFT,327.76
2023-09-01,MSFT,328.66
2023-09-05,MSFT,333.55
2023-09-06,MSFT,332.88
2023-09-07,MSFT,329.91
2023-09-08,MSFT,334.27
2023-09-11,MSFT,337.94
2023-09-12,MSFT,331.77
2023-09-13,MSFT,336.06
2023-09-14,MSFT,338.7
2023-09-15,MSFT,330.22
2023-09-18,MSFT,329.06
2023-09-19,MSFT,328.65
2023-09-20,MSFT,320.77
2023-09-21,MSFT,319.53
2023-09-22,MSFT,317.01
2023-09-25,MSFT,317.54
2023-09-26,MSFT,312.14
2023-09-27,MSFT,312.79
2023-09-28,MSFT,313.64
2023-09-29,MSFT,315.75
2023-10-02,MSFT,321.8
2023-10-03,MSFT,313.39
2023-10-04,MSFT,318.955
2023-10-05,MSFT,319.36
2023-10-06,MSFT,327.26
2023-10-09,MSFT,329.82
2023-10-10,MSFT,328.39
2023-10-11,MSFT,332.42
2023-10-12,MSFT,331.16
2023-10-13,MSFT,327.73
2023-10-16,MSFT,332.64
2023-10-17,MSFT,332.06
2023-10-18,MSFT,330.11
2023-10-19,MSFT,331.32
2023-10-20,MSFT,326.67
2023-10-23,MSFT,329.32
2023-10-24,MSFT,330.53
2023-10-25,MSFT,340.67
2023-10-26,MSFT,327.89
2023-10-27,MSFT,329.81
2023-10-30,MSFT,337.31
2023-10-31,MSFT,338.11
2023-11-01,MSFT,346.07
2023-11-02,MSFT,348.32
2023-11-03,MSFT,352.8
2023-11-06,MSFT,356.53
2023-11-07,MSFT,360.53
2023-11-08,MSFT,363.2
2023-11-09,MSFT,360.69
2023-11-10,MSFT,369.67
2023-11-13,MSFT,366.68
2023-11-14,MSFT,370.27
2023-11-15,MSFT,369.67
2023-11-16,MSFT,376.17
2023-11-17,MSFT,369.85
2023-11-20,MSFT,377.44
2023-11-21,MSFT,373.07
2023-11-22,MSFT,377.85
2023-11-24,MSFT,377.43
2023-11-27,MSFT,378.61
2023-11-28,MSFT,382.7
2023-11-29,MSFT,378.85
2023-11-30,MSFT,378.91
2023-12-01,MSFT,374.51
2023-12-04,MSFT,369.14
2023-12-05,MSFT,372.52
2023-12-06,MSFT,368.8
2023-12-07,MSFT,370.95
2023-12-08,MSFT,374.23
2023-12-11,MSFT,371.3
2023-12-12,MSFT,374.38
2023-12-13,MSFT,374.37
2023-12-14,MSFT,365.93
2023-12-15,MSFT,370.73
2023-12-18,MSFT,372.65
2023-12-19,MSFT,373.26
2023-12-20,MSFT,370.62
2023-12-21,MSFT,373.54
2023-12-22,MSFT,374.58
2023-12-26,MSFT,374.66
2023-12-27,MSFT,374.07
2023-12-28,MSFT,375.28
2023-12-29,MSFT,376.04
2024-01-02,MSFT,370.87
2024-01-03,MSFT,370.6
2024-01-04,MSFT,367.94
2024-01-05,MSFT,367.75
2024-01-08,MSFT,374.69
2024-01-09,MSFT,375.79
2024-01-10,MSFT,382.77
2024-01-11,MSFT,384.63
2024-01-12,MSFT,388.47
2024-01-16,MSFT,390.27
2024-01-17,MSFT,389.47
2024-01-18,MSFT,393.87
2024-01-19,MSFT,398.67
2024-01-22,MSFT,396.51
2024-01-23,MSFT,398.9
2024-01-24,MSFT,402.56
2024-01-25,MSFT,404.87
2024-01-26,MSFT,403.93
2024-01-29,MSFT,409.72
2024-01-30,MSFT,408.59
2024-01-31,MSFT,397.58
2024-02-01,MSFT,403.78
2024-02-02,MSFT,411.22
2024-02-05,MSFT,405.65
2024-02-06,MSFT,405.49
2024-02-07,MSFT,414.05
2024-02-08,MSFT,414.11
2024-02-09,MSFT,420.55
2024-02-12,MSFT,415.26
2024-02-13,MSFT,406.32
2024-02-14,MSFT,409.49
2024-02-15,MSFT,406.56
2024-02-16,MSFT,404.06
2024-02-20,MSFT,402.79
2024-02-21,MSFT,402.18
2024-02-22,MSFT,411.65
2024-02-23,MSFT,410.34
2024-02-26,MSFT,407.54
2024-02-27,MSFT,407.48
2024-02-28,MSFT,407.72
2024-02-29,MSFT,413.64
2024-03-01,MSFT,415.5
2024-03-04,MSFT,414.92
2024-03-05,MSFT,402.65
2024-03-06,MSFT,402.09
2024-03-07,MSFT,409.14
2024-03-08,MSFT,406.22
2024-03-11,MSFT,404.52
2024-03-12,MSFT,415.28
2024-03-13,MSFT,415.1
2024-03-14,MSFT,425.22
2024-03-15,MSFT,416.42
2024-03-18,MSFT,417.32
2024-03-19,MSFT,421.41
2024-03-20,MSFT,425.23
2024-03-21,MSFT,429.37
2024-03-22,MSFT,428.74
2024-03-25,MSFT,422.86
2024-03-26,MSFT,421.65
2024-03-27,MSFT,421.43
2024-03-28,MSFT,420.72
2024-04-01,MSFT,424.57
2024-04-02,MSFT,421.44
2024-04-03,MSFT,420.45
2024-04-04,MSFT,417.88
2024-04-05,MSFT,425.52
2024-04-08,MSFT,424.59
2024-04-09,MSFT,426.28
2024-04-10,MSFT,423.26
2024-04-11,MSFT,427.93
2024-04-12,MSFT,421.9
2024-04-15,MSFT,413.64
2024-04-16,MSFT,414.58
2024-04-17,MSFT,411.84
2024-04-18,MSFT,404.27
2024-04-19,MSFT,399.12
2024-04-22,MSFT,400.96
2024-04-23,MSFT,407.57
2024-04-24,MSFT,409.06
2024-04-25,MSFT,399.04
2024-04-26,MSFT,406.32
2024-04-29,MSFT,402.25
2024-04-30,MSFT,389.33
2024-05-01,MSFT,394.94
2024-05-02,MSFT,397.84
2024-05-03,MSFT,406.66
2024-05-06,MSFT,413.54
2024-05-07,MSFT,409.34
2024-05-08,MSFT,410.54
2024-05-09,MSFT,412.32
2024-05-10,MSFT,414.74
2024-05-13,MSFT,413.72
2024-05-14,MSFT,416.56
2024-05-15,MSFT,423.08
2024-05-16,MSFT,420.99
2024-05-17,MSFT,420.21
2024-05-20,MSFT,425.34
2024-05-21,MSFT,429.04
2024-05-22,MSFT,430.52
2024-05-23,MSFT,427.0
2024-05-24,MSFT,430.16
2024-05-28,MSFT,430.32
2024-05-29,MSFT,429.17
2024-05-30,MSFT,414.67
2024-05-31,MSFT,415.13
2024-06-03,MSFT,413.52
2024-06-04,MSFT,416.07
2024-06-05,MSFT,424.01
2024-06-06,MSFT,424.52
2024-06-07,MSFT,423.85
2024-06-10,MSFT,427.87
2024-06-11,MSFT,432.68
2024-06-12,MSFT,441.06
2024-06-13,MSFT,441.58
2024-06-14,MSFT,442.57
2024-06-17,MSFT,448.37
2024-06-18,MSFT,446.34
2023-06-20,PEP,185.31
2023-06-21,PEP,185.43
2023-06-22,PEP,187.35
2023-06-23,PEP,186.07
2023-06-26,PEP,184.89
2023-06-27,PEP,186.22
2023-06-28,PEP,183.7
2023-06-29,PEP,183.88
2023-06-30,PEP,185.22
2023-07-03,PEP,185.6
2023-07-05,PEP,186.58
2023-07-06,PEP,186.6
2023-07-07,PEP,183.08
2023-07-10,PEP,184.3
2023-07-11,PEP,183.98
2023-07-12,PEP,183.17
2023-07-13,PEP,187.53
2023-07-14,PEP,188.21
2023-07-17,PEP,185.63
2023-07-18,PEP,184.45
2023-07-19,PEP,186.26
2023-07-20,PEP,189.3
2023-07-21,PEP,190.16
2023-07-24,PEP,190.92
2023-07-25,PEP,191.36
2023-07-26,PEP,191.6
2023-07-27,PEP,188.53
2023-07-28,PEP,190.31
2023-07-31,PEP,187.46
2023-08-01,PEP,186.82
2023-08-02,PEP,188.31
2023-08-03,PEP,187.12
2023-08-04,PEP,184.6
2023-08-07,PEP,186.89
2023-08-08,PEP,184.44
2023-08-09,PEP,183.98
2023-08-10,PEP,183.75
2023-08-11,PEP,184.04
2023-08-14,PEP,183.62
2023-08-15,PEP,181.35
2023-08-16,PEP,181.21
2023-08-17,PEP,178.45
2023-08-18,PEP,178.18
2023-08-21,PEP,177.05
2023-08-22,PEP,175.7
2023-08-23,PEP,178.12
2023-08-24,PEP,177.18
2023-08-25,PEP,179.42
2023-08-28,PEP,180.25
2023-08-29,PEP,180.93
2023-08-30,PEP,181.08
2023-08-31,PEP,177.92
2023-09-01,PEP,175.32
2023-09-05,PEP,174.16
2023-09-06,PEP,174.73
2023-09-07,PEP,176.4
2023-09-08,PEP,176.27
2023-09-11,PEP,178.93
2023-09-12,PEP,178.27
2023-09-13,PEP,179.68
2023-09-14,PEP,181.23
2023-09-15,PEP,179.84
2023-09-18,PEP,179.38
2023-09-19,PEP,178.32
2023-09-20,PEP,178.38
2023-09-21,PEP,175.38
2023-09-22,PEP,175.27
2023-09-25,PEP,174.33
2023-09-26,PEP,172.52
2023-09-27,PEP,169.57
2023-09-28,PEP,169.5
2023-09-29,PEP,169.44
2023-10-02,PEP,169.17
2023-10-03,PEP,167.7
2023-10-04,PEP,168.91
2023-10-05,PEP,160.1
2023-10-06,PEP,160.29
2023-10-09,PEP,161.36
2023-10-10,PEP,164.4
2023-10-11,PEP,162.62
2023-10-12,PEP,158.08
2023-10-13,PEP,160.0
2023-10-16,PEP,161.08
2023-10-17,PEP,160.37
2023-10-18,PEP,162.03
2023-10-19,PEP,160.56
2023-10-20,PEP,160.0
2023-10-23,PEP,160.08
2023-10-24,PEP,162.19
2023-10-25,PEP,162.35
2023-10-26,PEP,161.41
2023-10-27,PEP,159.62
2023-10-30,PEP,162.28
2023-10-31,PEP,163.28
2023-11-01,PEP,164.87
2023-11-02,PEP,166.83
2023-11-03,PEP,166.79
2023-11-06,PEP,166.7
2023-11-07,PEP,167.18
2023-11-08,PEP,167.39
2023-11-09,PEP,166.16
2023-11-10,PEP,166.92
2023-11-13,PEP,167.77
2023-11-14,PEP,168.11
2023-11-15,PEP,167.25
2023-11-16,PEP,167.71
2023-11-17,PEP,166.76
2023-11-20,PEP,166.52
2023-11-21,PEP,167.8
2023-11-22,PEP,169.22
2023-11-24,PEP,169.37
2023-11-27,PEP,168.32
2023-11-28,PEP,168.86
2023-11-29,PEP,167.16
2023-11-30,PEP,168.29
2023-12-01,PEP,168.69
2023-12-04,PEP,169.14
2023-12-05,PEP,167.94
2023-12-06,PEP,167.51
2023-12-07,PEP,167.46
2023-12-08,PEP,165.68
2023-12-11,PEP,167.82
2023-12-12,PEP,168.47
2023-12-13,PEP,172.01
2023-12-14,PEP,168.25
2023-12-15,PEP,167.0
2023-12-18,PEP,168.91
2023-12-19,PEP,167.95
2023-12-20,PEP,165.69
2023-12-21,PEP,166.97
2023-12-22,PEP,167.68
2023-12-26,PEP,168.86
2023-12-27,PEP,169.4
2023-12-28,PEP,169.39
2023-12-29,PEP,169.84
2024-01-02,PEP,172.91
2024-01-03,PEP,172.95
2024-01-04,PEP,171.47
2024-01-05,PEP,168.94
2024-01-08,PEP,169.11
2024-01-09,PEP,167.17
2024-01-10,PEP,166.92
2024-01-11,PEP,166.13
2024-01-12,PEP,167.27
2024-01-16,PEP,166.17
2024-01-17,PEP,166.44
2024-01-18,PEP,167.17
2024-01-19,PEP,165.78
2024-01-22,PEP,165.11
2024-01-23,PEP,167.64
2024-01-24,PEP,165.6
2024-01-25,PEP,166.56
2024-01-26,PEP,167.86
2024-01-29,PEP,168.15
2024-01-30,PEP,169.62
2024-01-31,PEP,168.53
2024-02-01,PEP,171.7
2024-02-02,PEP,170.97
2024-02-05,PEP,170.92
2024-02-06,PEP,171.42
2024-02-07,PEP,171.47
2024-02-08,PEP,173.85
2024-02-09,PEP,167.67
2024-02-12,PEP,170.61
2024-02-13,PEP,168.88
2024-02-14,PEP,167.52
2024-02-15,PEP,167.86
2024-02-16,PEP,166.32
2024-02-20,PEP,168.65
2024-02-21,PEP,168.83
2024-02-22,PEP,168.25
2024-02-23,PEP,169.6
2024-02-26,PEP,168.26
2024-02-27,PEP,168.16
2024-02-28,PEP,167.03
2024-02-29,PEP,165.34
2024-03-01,PEP,164.59
2024-03-04,PEP,165.37
2024-03-05,PEP,162.04
2024-03-06,PEP,163.0
2024-03-07,PEP,163.11
2024-03-08,PEP,163.05
2024-03-11,PEP,164.73
2024-03-12,PEP,164.54
2024-03-13,PEP,165.3
2024-03-14,PEP,164.78
2024-03-15,PEP,164.66
2024-03-18,PEP,171.26
2024-03-19,PEP,171.8
2024-03-20,PEP,171.86
2024-03-21,PEP,172.45
2024-03-22,PEP,172.02
2024-03-25,PEP,172.6
2024-03-26,PEP,172.73
2024-03-27,PEP,173.57
2024-03-28,PEP,175.01
2024-04-01,PEP,172.98
2024-04-02,PEP,171.44
2024-04-03,PEP,169.68
2024-04-04,PEP,169.65
2024-04-05,PEP,169.14
2024-04-08,PEP,169.58
2024-04-09,PEP,170.61
2024-04-10,PEP,168.95
2024-04-11,PEP,168.36
2024-04-12,PEP,168.1
2024-04-15,PEP,166.95
2024-04-16,PEP,167.5
2024-04-17,PEP,169.48
2024-04-18,PEP,172.27
2024-04-19,PEP,174.13
2024-04-22,PEP,176.46
2024-04-23,PEP,171.22
2024-04-24,PEP,177.41
2024-04-25,PEP,176.68
2024-04-26,PEP,175.58
2024-04-29,PEP,176.14
2024-04-30,PEP,175.91
2024-05-01,PEP,175.15
2024-05-02,PEP,175.45
2024-05-03,PEP,176.15
2024-05-06,PEP,175.82
2024-05-07,PEP,178.02
2024-05-08,PEP,177.41
2024-05-09,PEP,178.06
2024-05-10,PEP,179.79
2024-05-13,PEP,180.9
2024-05-14,PEP,179.87
2024-05-15,PEP,179.46
2024-05-16,PEP,183.11
2024-05-17,PEP,182.19
2024-05-20,PEP,180.31
2024-05-21,PEP,181.08
2024-05-22,PEP,182.09
2024-05-23,PEP,179.27
2024-05-24,PEP,177.99
2024-05-28,PEP,173.38
2024-05-29,PEP,171.15
2024-05-30,PEP,170.48
2024-05-31,PEP,172.9
2024-06-03,PEP,171.23
2024-06-04,PEP,173.89
2024-06-05,PEP,173.49
2024-06-06,PEP,173.2
2024-06-07,PEP,171.04
2024-06-10,PEP,165.9
2024-06-11,PEP,165.07
2024-06-12,PEP,163.83
2024-06-13,PEP,163.33
2024-06-14,PEP,163.81
2024-06-17,PEP,166.14
2024-06-18,PEP,166.48
2023-06-20,TGT,132.72
2023-06-21,TGT,133.22
2023-06-22,TGT,132.39
2023-06-23,TGT,131.83
2023-06-26,TGT,134.5
2023-06-27,TGT,132.51
2023-06-28,TGT,132.47
2023-06-29,TGT,132.91
2023-06-30,TGT,131.9
2023-07-03,TGT,134.86
2023-07-05,TGT,132.55
2023-07-06,TGT,130.84
2023-07-07,TGT,130.05
2023-07-10,TGT,131.74
2023-07-11,TGT,133.39
2023-07-12,TGT,132.91
2023-07-13,TGT,132.82
2023-07-14,TGT,130.92
2023-07-17,TGT,130.01
2023-07-18,TGT,130.81
2023-07-19,TGT,132.7
2023-07-20,TGT,134.64
2023-07-21,TGT,134.08
2023-07-24,TGT,135.41
2023-07-25,TGT,133.6
2023-07-26,TGT,134.47
2023-07-27,TGT,134.5
2023-07-28,TGT,135.0
2023-07-31,TGT,136.47
2023-08-01,TGT,132.99
2023-08-02,TGT,133.54
2023-08-03,TGT,132.73
2023-08-04,TGT,132.53
2023-08-07,TGT,131.94
2023-08-08,TGT,130.98
2023-08-09,TGT,130.6
2023-08-10,TGT,130.92
2023-08-11,TGT,131.05
2023-08-14,TGT,129.42
2023-08-15,TGT,125.05
2023-08-16,TGT,128.75
2023-08-17,TGT,130.11
2023-08-18,TGT,131.21
2023-08-21,TGT,127.79
2023-08-22,TGT,124.94
2023-08-23,TGT,123.21
2023-08-24,TGT,124.1
2023-08-25,TGT,121.79
2023-08-28,TGT,123.43
2023-08-29,TGT,126.16
2023-08-30,TGT,126.95
2023-08-31,TGT,126.55
2023-09-01,TGT,125.52
2023-09-05,TGT,125.19
2023-09-06,TGT,123.71
2023-09-07,TGT,124.46
2023-09-08,TGT,123.69
2023-09-11,TGT,122.67
2023-09-12,TGT,122.4
2023-09-13,TGT,122.93
2023-09-14,TGT,124.77
2023-09-15,TGT,123.05
2023-09-18,TGT,119.34
2023-09-19,TGT,120.17
2023-09-20,TGT,120.41
2023-09-21,TGT,117.32
2023-09-22,TGT,112.6
2023-09-25,TGT,112.26
2023-09-26,TGT,109.48
2023-09-27,TGT,109.74
2023-09-28,TGT,109.56
2023-09-29,TGT,110.57
2023-10-02,TGT,106.69
2023-10-03,TGT,107.16
2023-10-04,TGT,106.62
2023-10-05,TGT,105.15
2023-10-06,TGT,105.01
2023-10-09,TGT,105.76
2023-10-10,TGT,109.63
2023-10-11,TGT,108.99
2023-10-12,TGT,110.8
2023-10-13,TGT,111.98
2023-10-16,TGT,111.39
2023-10-17,TGT,112.56
2023-10-18,TGT,110.21
2023-10-19,TGT,108.36
2023-10-20,TGT,108.83
2023-10-23,TGT,107.42
2023-10-24,TGT,108.68
2023-10-25,TGT,110.36
2023-10-26,TGT,110.87
2023-10-27,TGT,107.23
2023-10-30,TGT,108.67
2023-10-31,TGT,110.79
2023-11-01,TGT,109.54
2023-11-02,TGT,111.07
2023-11-03,TGT,112.85
2023-11-06,TGT,111.05
2023-11-07,TGT,111.35
2023-11-08,TGT,109.85
2023-11-09,TGT,106.79
2023-11-10,TGT,108.33
2023-11-13,TGT,107.3
2023-11-14,TGT,110.79
2023-11-15,TGT,130.46
2023-11-16,TGT,129.94
2023-11-17,TGT,129.89
2023-11-20,TGT,129.65
2023-11-21,TGT,130.8
2023-11-22,TGT,130.5
2023-11-24,TGT,131.46
2023-11-27,TGT,131.33
2023-11-28,TGT,131.67
2023-11-29,TGT,131.32
2023-11-30,TGT,133.81
2023-12-01,TGT,134.78
2023-12-04,TGT,133.71
2023-12-05,TGT,132.88
2023-12-06,TGT,133.38
2023-12-07,TGT,135.19
2023-12-08,TGT,135.19
2023-12-11,TGT,136.76
2023-12-12,TGT,135.66
2023-12-13,TGT,138.38
2023-12-14,TGT,141.14
2023-12-15,TGT,138.37
2023-12-18,TGT,137.72
2023-12-19,TGT,139.58
2023-12-20,TGT,136.9
2023-12-21,TGT,139.37
2023-12-22,TGT,140.2
2023-12-26,TGT,141.03
2023-12-27,TGT,142.38
2023-12-28,TGT,142.54
2023-12-29,TGT,142.42
2024-01-02,TGT,143.1
2024-01-03,TGT,138.67
2024-01-04,TGT,140.25
2024-01-05,TGT,140.75
2024-01-08,TGT,141.73
2024-01-09,TGT,143.77
2024-01-10,TGT,144.09
2024-01-11,TGT,142.02
2024-01-12,TGT,140.91
2024-01-16,TGT,141.07
2024-01-17,TGT,138.74
2024-01-18,TGT,137.4
2024-01-19,TGT,138.14
2024-01-22,TGT,140.36
2024-01-23,TGT,140.88
2024-01-24,TGT,139.2
2024-01-25,TGT,142.18
2024-01-26,TGT,142.53
2024-01-29,TGT,141.52
2024-01-30,TGT,140.52
2024-01-31,TGT,139.08
2024-02-01,TGT,144.42
2024-02-02,TGT,145.49
2024-02-05,TGT,142.33
2024-02-06,TGT,144.43
2024-02-07,TGT,146.73
2024-02-08,TGT,147.4
2024-02-09,TGT,146.53
2024-02-12,TGT,149.4
2024-02-13,TGT,146.11
2024-02-14,TGT,145.03
2024-02-15,TGT,146.33
2024-02-16,TGT,149.61
2024-02-20,TGT,149.89
2024-02-21,TGT,148.79
2024-02-22,TGT,150.34
2024-02-23,TGT,151.48
2024-02-26,TGT,150.15
2024-02-27,TGT,151.99
2024-02-28,TGT,151.44
2024-02-29,TGT,152.92
2024-03-01,TGT,155.29
2024-03-04,TGT,150.49
2024-03-05,TGT,168.58
2024-03-06,TGT,173.54
2024-03-07,TGT,171.54
2024-03-08,TGT,169.72
2024-03-11,TGT,168.07
2024-03-12,TGT,167.57
2024-03-13,TGT,166.67
2024-03-14,TGT,164.31
2024-03-15,TGT,164.22
2024-03-18,TGT,167.59
2024-03-19,TGT,168.21
2024-03-20,TGT,170.46
2024-03-21,TGT,170.17
2024-03-22,TGT,168.63
2024-03-25,TGT,172.66
2024-03-26,TGT,172.64
2024-03-27,TGT,174.67
2024-03-28,TGT,177.21
2024-04-01,TGT,177.82
2024-04-02,TGT,176.24
2024-04-03,TGT,175.49
2024-04-04,TGT,172.22
2024-04-05,TGT,171.77
2024-04-08,TGT,169.7
2024-04-09,TGT,171.63
2024-04-10,TGT,171.62
2024-04-11,TGT,171.33
2024-04-12,TGT,166.12
2024-04-15,TGT,165.01
2024-04-16,TGT,163.32
2024-04-17,TGT,164.47
2024-04-18,TGT,166.58
2024-04-19,TGT,168.3
2024-04-22,TGT,167.11
2024-04-23,TGT,166.51
2024-04-24,TGT,165.34
2024-04-25,TGT,164.44
2024-04-26,TGT,164.74
2024-04-29,TGT,163.73
2024-04-30,TGT,160.98
2024-05-01,TGT,156.43
2024-05-02,TGT,158.12
2024-05-03,TGT,158.04
2024-05-06,TGT,158.35
2024-05-07,TGT,160.41
2024-05-08,TGT,159.59
2024-05-09,TGT,164.32
2024-05-10,TGT,163.13
2024-05-13,TGT,160.9
2024-05-14,TGT,158.96
2024-05-15,TGT,157.51
2024-05-16,TGT,160.65
2024-05-17,TGT,160.13
2024-05-20,TGT,156.71
2024-05-21,TGT,155.78
2024-05-22,TGT,143.27
2024-05-23,TGT,144.41
2024-05-24,TGT,145.23
2024-05-28,TGT,147.1
2024-05-29,TGT,147.74
2024-05-30,TGT,149.87
2024-05-31,TGT,156.16
2024-06-03,TGT,153.03
2024-06-04,TGT,150.55
2024-06-05,TGT,147.35
2024-06-06,TGT,145.13
2024-06-07,TGT,146.0
2024-06-10,TGT,148.52
2024-06-11,TGT,146.19
2024-06-12,TGT,146.78
2024-06-13,TGT,144.68
2024-06-14,TGT,141.16
2024-06-17,TGT,144.97
2024-06-18,TGT,142.54
2023-06-20,TSLA,274.45
2023-06-21,TSLA,259.46
2023-06-22,TSLA,264.61
2023-06-23,TSLA,256.6
2023-06-26,TSLA,241.05
2023-06-27,TSLA,250.21
2023-06-28,TSLA,256.24
2023-06-29,TSLA,257.5
2023-06-30,TSLA,261.77
2023-07-03,TSLA,279.82
2023-07-05,TSLA,282.48
2023-07-06,TSLA,276.54
2023-07-07,TSLA,274.43
2023-07-10,TSLA,269.61
2023-07-11,TSLA,269.79
2023-07-12,TSLA,271.99
2023-07-13,TSLA,277.9
2023-07-14,TSLA,281.38
2023-07-17,TSLA,290.38
2023-07-18,TSLA,293.34
2023-07-19,TSLA,291.26
2023-07-20,TSLA,262.9
2023-07-21,TSLA,260.02
2023-07-24,TSLA,269.06
2023-07-25,TSLA,265.28
2023-07-26,TSLA,264.35
2023-07-27,TSLA,255.71
2023-07-28,TSLA,266.44
2023-07-31,TSLA,267.43
2023-08-01,TSLA,261.07
2023-08-02,TSLA,254.11
2023-08-03,TSLA,259.32
2023-08-04,TSLA,253.86
2023-08-07,TSLA,251.45
2023-08-08,TSLA,249.7
2023-08-09,TSLA,242.19
2023-08-10,TSLA,245.34
2023-08-11,TSLA,242.65
2023-08-14,TSLA,239.76
2023-08-15,TSLA,232.96
2023-08-16,TSLA,225.6
2023-08-17,TSLA,219.22
2023-08-18,TSLA,215.49
2023-08-21,TSLA,231.28
2023-08-22,TSLA,233.19
2023-08-23,TSLA,236.86
2023-08-24,TSLA,230.04
2023-08-25,TSLA,238.59
2023-08-28,TSLA,238.82
2023-08-29,TSLA,257.18
2023-08-30,TSLA,256.9
2023-08-31,TSLA,258.08
2023-09-01,TSLA,245.01
2023-09-05,TSLA,256.49
2023-09-06,TSLA,251.92
2023-09-07,TSLA,251.49
2023-09-08,TSLA,248.5
2023-09-11,TSLA,273.58
2023-09-12,TSLA,267.48
2023-09-13,TSLA,271.3
2023-09-14,TSLA,276.04
2023-09-15,TSLA,274.39
2023-09-18,TSLA,265.28
2023-09-19,TSLA,266.5
2023-09-20,TSLA,262.59
2023-09-21,TSLA,255.7
2023-09-22,TSLA,244.88
2023-09-25,TSLA,246.99
2023-09-26,TSLA,244.12
2023-09-27,TSLA,240.5
2023-09-28,TSLA,246.38
2023-09-29,TSLA,250.22
2023-10-02,TSLA,251.6
2023-10-03,TSLA,246.53
2023-10-04,TSLA,261.16
2023-10-05,TSLA,260.05
2023-10-06,TSLA,260.53
2023-10-09,TSLA,259.67
2023-10-10,TSLA,263.62
2023-10-11,TSLA,262.99
2023-10-12,TSLA,258.87
2023-10-13,TSLA,251.12
2023-10-16,TSLA,253.92
2023-10-17,TSLA,254.85
2023-10-18,TSLA,242.68
2023-10-19,TSLA,220.11
2023-10-20,TSLA,211.99
2023-10-23,TSLA,212.08
2023-10-24,TSLA,216.52
2023-10-25,TSLA,212.42
2023-10-26,TSLA,205.76
2023-10-27,TSLA,207.3
2023-10-30,TSLA,197.36
2023-10-31,TSLA,200.84
2023-11-01,TSLA,205.66
2023-11-02,TSLA,218.51
2023-11-03,TSLA,219.96
2023-11-06,TSLA,219.27
2023-11-07,TSLA,222.18
2023-11-08,TSLA,222.11
2023-11-09,TSLA,209.98
2023-11-10,TSLA,214.65
2023-11-13,TSLA,223.71
2023-11-14,TSLA,237.41
2023-11-15,TSLA,242.84
2023-11-16,TSLA,233.59
2023-11-17,TSLA,234.3
2023-11-20,TSLA,235.6
2023-11-21,TSLA,241.2
2023-11-22,TSLA,234.21
2023-11-24,TSLA,235.45
2023-11-27,TSLA,236.08
2023-11-28,TSLA,246.72
2023-11-29,TSLA,244.14
2023-11-30,TSLA,240.08
2023-12-01,TSLA,238.83
2023-12-04,TSLA,235.58
2023-12-05,TSLA,238.72
2023-12-06,TSLA,239.37
2023-12-07,TSLA,242.64
2023-12-08,TSLA,243.84
2023-12-11,TSLA,239.74
2023-12-12,TSLA,237.01
2023-12-13,TSLA,239.29
2023-12-14,TSLA,251.05
2023-12-15,TSLA,253.5
2023-12-18,TSLA,252.08
2023-12-19,TSLA,257.22
2023-12-20,TSLA,247.14
2023-12-21,TSLA,254.5
2023-12-22,TSLA,252.54
2023-12-26,TSLA,256.61
2023-12-27,TSLA,261.44
2023-12-28,TSLA,253.18
2023-12-29,TSLA,248.48
2024-01-02,TSLA,248.42
2024-01-03,TSLA,238.45
2024-01-04,TSLA,237.93
2024-01-05,TSLA,237.49
2024-01-08,TSLA,240.45
2024-01-09,TSLA,234.96
2024-01-10,TSLA,233.94
2024-01-11,TSLA,227.22
2024-01-12,TSLA,218.89
2024-01-16,TSLA,219.91
2024-01-17,TSLA,215.55
2024-01-18,TSLA,211.88
2024-01-19,TSLA,212.19
2024-01-22,TSLA,208.8
2024-01-23,TSLA,209.14
2024-01-24,TSLA,207.83
2024-01-25,TSLA,182.63
2024-01-26,TSLA,183.25
2024-01-29,TSLA,190.93
2024-01-30,TSLA,191.59
2024-01-31,TSLA,187.29
2024-02-01,TSLA,188.86
2024-02-02,TSLA,187.91
2024-02-05,TSLA,181.06
2024-02-06,TSLA,185.1
2024-02-07,TSLA,187.58
2024-02-08,TSLA,189.56
2024-02-09,TSLA,193.57
2024-02-12,TSLA,188.13
2024-02-13,TSLA,184.02
2024-02-14,TSLA,188.71
2024-02-15,TSLA,200.45
2024-02-16,TSLA,199.95
2024-02-20,TSLA,193.76
2024-02-21,TSLA,194.77
2024-02-22,TSLA,197.41
2024-02-23,TSLA,191.97
2024-02-26,TSLA,199.4
2024-02-27,TSLA,199.73
2024-02-28,TSLA,202.04
2024-02-29,TSLA,201.88
2024-03-01,TSLA,202.64
2024-03-04,TSLA,188.14
2024-03-05,TSLA,180.74
2024-03-06,TSLA,176.54
2024-03-07,TSLA,178.65
2024-03-08,TSLA,175.34
2024-03-11,TSLA,177.77
2024-03-12,TSLA,177.54
2024-03-13,TSLA,169.48
2024-03-14,TSLA,162.5
2024-03-15,TSLA,163.57
2024-03-18,TSLA,173.8
2024-03-19,TSLA,171.32
2024-03-20,TSLA,175.66
2024-03-21,TSLA,172.82
2024-03-22,TSLA,170.83
2024-03-25,TSLA,172.63
2024-03-26,TSLA,177.67
2024-03-27,TSLA,179.83
2024-03-28,TSLA,175.79
2024-04-01,TSLA,175.22
2024-04-02,TSLA,166.63
2024-04-03,TSLA,168.38
2024-04-04,TSLA,171.11
2024-04-05,TSLA,164.9
2024-04-08,TSLA,172.98
2024-04-09,TSLA,176.88
2024-04-10,TSLA,171.76
2024-04-11,TSLA,174.6
2024-04-12,TSLA,171.05
2024-04-15,TSLA,161.48
2024-04-16,TSLA,157.11
2024-04-17,TSLA,155.45
2024-04-18,TSLA,149.93
2024-04-19,TSLA,147.05
2024-04-22,TSLA,142.05
2024-04-23,TSLA,144.68
2024-04-24,TSLA,162.13
2024-04-25,TSLA,170.18
2024-04-26,TSLA,168.29
2024-04-29,TSLA,194.05
2024-04-30,TSLA,183.28
2024-05-01,TSLA,179.99
2024-05-02,TSLA,180.01
2024-05-03,TSLA,181.19
2024-05-06,TSLA,184.76
2024-05-07,TSLA,177.81
2024-05-08,TSLA,174.72
2024-05-09,TSLA,171.97
2024-05-10,TSLA,168.47
2024-05-13,TSLA,171.89
2024-05-14,TSLA,177.55
2024-05-15,TSLA,173.99
2024-05-16,TSLA,174.84
2024-05-17,TSLA,177.46
2024-05-20,TSLA,174.95
2024-05-21,TSLA,186.6
2024-05-22,TSLA,180.11
2024-05-23,TSLA,173.74
2024-05-24,TSLA,179.24
2024-05-28,TSLA,176.75
2024-05-29,TSLA,176.19
2024-05-30,TSLA,178.79
2024-05-31,TSLA,178.08
2024-06-03,TSLA,176.29
2024-06-04,TSLA,174.77
2024-06-05,TSLA,175.0
2024-06-06,TSLA,177.94
2024-06-07,TSLA,177.48
2024-06-10,TSLA,173.79
2024-06-11,TSLA,170.66
2024-06-12,TSLA,177.29
2024-06-13,TSLA,182.47
2024-06-14,TSLA,178.01
2024-06-17,TSLA,187.44
2024-06-18,TSLA,184.86
2023-06-20,T,15.78
2023-06-21,T,15.61
2023-06-22,T,15.58
2023-06-23,T,15.45
2023-06-26,T,15.63
2023-06-27,T,15.84
2023-06-28,T,15.78
2023-06-29,T,15.98
2023-06-30,T,15.95
2023-07-03,T,16.12
2023-07-05,T,16.07
2023-07-06,T,15.87
2023-07-07,T,15.61
2023-07-10,T,15.27
2023-07-11,T,15.23
2023-07-12,T,15.12
2023-07-13,T,15.12
2023-07-14,T,14.5
2023-07-17,T,13.53
2023-07-18,T,13.45
2023-07-19,T,14.59
2023-07-20,T,14.66
2023-07-21,T,14.76
2023-07-24,T,14.95
2023-07-25,T,14.8
2023-07-26,T,14.89
2023-07-27,T,14.51
2023-07-28,T,14.45
2023-07-31,T,14.52
2023-08-01,T,14.3
2023-08-02,T,14.35
2023-08-03,T,14.09
2023-08-04,T,14.0
2023-08-07,T,14.01
2023-08-08,T,14.18
2023-08-09,T,14.27
2023-08-10,T,14.17
2023-08-11,T,14.37
2023-08-14,T,14.26
2023-08-15,T,14.14
2023-08-16,T,14.1
2023-08-17,T,14.01
2023-08-18,T,14.05
2023-08-21,T,14.1
2023-08-22,T,14.26
2023-08-23,T,14.16
2023-08-24,T,14.15
2023-08-25,T,14.11
2023-08-28,T,14.21
2023-08-29,T,14.77
2023-08-30,T,14.73
2023-08-31,T,14.79
2023-09-01,T,14.65
2023-09-05,T,14.48
2023-09-06,T,14.61
2023-09-07,T,14.61
2023-09-08,T,14.4
2023-09-11,T,14.52
2023-09-12,T,14.46
2023-09-13,T,14.62
2023-09-14,T,15.06
2023-09-15,T,15.23
2023-09-18,T,15.09
2023-09-19,T,15.21
2023-09-20,T,15.55
2023-09-21,T,15.31
2023-09-22,T,15.12
2023-09-25,T,15.06
2023-09-26,T,15.02
2023-09-27,T,14.87
2023-09-28,T,15.01
2023-09-29,T,15.02
2023-10-02,T,14.67
2023-10-03,T,14.78
2023-10-04,T,14.65
2023-10-05,T,14.83
2023-10-06,T,14.45
2023-10-09,T,14.73
2023-10-10,T,14.96
2023-10-11,T,14.77
2023-10-12,T,14.45
2023-10-13,T,14.36
2023-10-16,T,14.41
2023-10-17,T,14.58
2023-10-18,T,14.32
2023-10-19,T,15.26
2023-10-20,T,15.38
2023-10-23,T,14.95
2023-10-24,T,15.53
2023-10-25,T,15.19
2023-10-26,T,15.12
2023-10-27,T,14.82
2023-10-30,T,15.26
2023-10-31,T,15.4
2023-11-01,T,15.58
2023-11-02,T,15.73
2023-11-03,T,15.88
2023-11-06,T,15.75
2023-11-07,T,15.84
2023-11-08,T,15.65
2023-11-09,T,15.63
2023-11-10,T,15.64
2023-11-13,T,15.58
2023-11-14,T,15.63
2023-11-15,T,15.76
2023-11-16,T,15.88
2023-11-17,T,15.9
2023-11-20,T,16.1
2023-11-21,T,16.19
2023-11-22,T,16.17
2023-11-24,T,16.21
2023-11-27,T,16.21
2023-11-28,T,16.18
2023-11-29,T,16.3
2023-11-30,T,16.57
2023-12-01,T,16.76
2023-12-04,T,16.66
2023-12-05,T,17.22
2023-12-06,T,16.94
2023-12-07,T,17.09
2023-12-08,T,16.92
2023-12-11,T,16.62
2023-12-12,T,16.41
2023-12-13,T,16.45
2023-12-14,T,16.65
2023-12-15,T,16.52
2023-12-18,T,16.46
2023-12-19,T,16.61
2023-12-20,T,16.4
2023-12-21,T,16.49
2023-12-22,T,16.55
2023-12-26,T,16.57
2023-12-27,T,16.58
2023-12-28,T,16.74
2023-12-29,T,16.78
2024-01-02,T,17.25
2024-01-03,T,17.23
2024-01-04,T,17.15
2024-01-05,T,17.47
2024-01-08,T,17.32
2024-01-09,T,16.95
2024-01-10,T,16.87
2024-01-11,T,16.23
2024-01-12,T,16.48
2024-01-16,T,16.44
2024-01-17,T,16.41
2024-01-18,T,16.4
2024-01-19,T,16.67
2024-01-22,T,16.8
2024-01-23,T,17.19
2024-01-24,T,16.68
2024-01-25,T,17.18
2024-01-26,T,17.29
2024-01-29,T,17.25
2024-01-30,T,17.53
2024-01-31,T,17.69
2024-02-01,T,18.04
2024-02-02,T,17.83
2024-02-05,T,17.73
2024-02-06,T,17.61
2024-02-07,T,17.33
2024-02-08,T,16.82
2024-02-09,T,16.84
2024-02-12,T,17.02
2024-02-13,T,16.9
2024-02-14,T,16.91
2024-02-15,T,17.09
2024-02-16,T,16.97
2024-02-20,T,16.91
2024-02-21,T,17.0
2024-02-22,T,16.59
2024-02-23,T,16.8
2024-02-26,T,16.6
2024-02-27,T,16.83
2024-02-28,T,16.96
2024-02-29,T,16.93
2024-03-01,T,16.98
2024-03-04,T,16.8
2024-03-05,T,17.17
2024-03-06,T,17.18
2024-03-07,T,17.05
2024-03-08,T,17.2
2024-03-11,T,17.33
2024-03-12,T,17.2
2024-03-13,T,17.19
2024-03-14,T,17.01
2024-03-15,T,17.05
2024-03-18,T,17.3
2024-03-19,T,17.17
2024-03-20,T,17.21
2024-03-21,T,17.16
2024-03-22,T,16.98
2024-03-25,T,17.12
2024-03-26,T,17.18
2024-03-27,T,17.55
2024-03-28,T,17.6
2024-04-01,T,17.5
2024-04-02,T,17.52
2024-04-03,T,17.61
2024-04-04,T,17.57
2024-04-05,T,17.42
2024-04-08,T,17.25
2024-04-09,T,16.9
2024-04-10,T,16.73
2024-04-11,T,16.42
2024-04-12,T,16.31
2024-04-15,T,16.24
2024-04-16,T,16.09
2024-04-17,T,16.12
2024-04-18,T,16.33
2024-04-19,T,16.51
2024-04-22,T,16.31
2024-04-23,T,16.5
2024-04-24,T,16.81
2024-04-25,T,16.58
2024-04-26,T,16.75
2024-04-29,T,17.02
2024-04-30,T,16.89
2024-05-01,T,16.92
2024-05-02,T,16.82
2024-05-03,T,16.85
2024-05-06,T,16.99
2024-05-07,T,17.08
2024-05-08,T,17.11
2024-05-09,T,17.18
2024-05-10,T,17.17
2024-05-13,T,17.26
2024-05-14,T,17.3
2024-05-15,T,17.33
2024-05-16,T,17.3
2024-05-17,T,17.4
2024-05-20,T,17.52
2024-05-21,T,17.27
2024-05-22,T,17.5
2024-05-23,T,17.47
2024-05-24,T,17.5
2024-05-28,T,17.27
2024-05-29,T,17.12
2024-05-30,T,17.62
2024-05-31,T,18.22
2024-06-03,T,18.01
2024-06-04,T,18.35
2024-06-05,T,18.3
2024-06-06,T,18.28
2024-06-07,T,18.1
2024-06-10,T,17.86
2024-06-11,T,17.86
2024-06-12,T,17.61
2024-06-13,T,17.67
2024-06-14,T,17.64
2024-06-17,T,17.67
2024-06-18,T,18.05
